--! DELETE THISE LINES LATER
drop schema if exists gamecollector CASCADE;
create schema gamecollector;
-- FOR EASE OF USE WHILE IN DEV --!

-- set search_path to gamecollector;

create table t_country (
	country_code	varchar(2) primary key not null,
	country_name	varchar(80) not null);
	
-- alter table t_country set owner to postgres;
	
create table t_company (
	pk_company_name varchar(50) not NULL UNIQUE PRIMARY key);

create table t_console(
	pk_console_id varchar(5) not null unique primary key,
	name varchar(255) not null,
	release_date date not null);

create table t_game (
	identity_game_id serial unique,
	name	varchar(255) not null,
	release_date date );		
	
create table t_review (
	pk_review_id serial primary key,
	review_title varchar(100) not null,
	review_body text not null,
	review_score real check (review_score > 0) check (review_score < 10.1));	

create table t_user(
	pk_username varchar(45) not null unique primary key,
	email_address varchar(255) not null,
	display_name varchar(45) not null,
	first_name varchar(45),
	last_name varchar(45),
	-- I wouldn't expect the service to pass this, so default it.
	creation_date timestamp with time zone default now(),
	active_yn varchar(1) default 'N',
	last_login timestamp with time zone);	
	
-- Create rel table between game and developers

create table game_developer(
	game_id integer,
	developer_name varchar(255),
	constraint pk_game_developer primary key(game_id, developer_name),
	constraint fk_t_game_id foreign key(game_id) references t_game(identity_game_id) on delete cascade,
	constraint fk_t_company_name foreign key(developer_name) references t_company(pk_company_name) on delete cascade);

-- Establish relationships between tables. Doing this hear to avoid headaches with tables not exiting prior to creation.

alter table t_review
	-- could in the future change this to a 'person'? this could allow for external reviews. Right now we're saying that every review comes from a user of the system.
	add column user_reviewer varchar references t_user(pk_username) not null;

alter table t_user	
	add column country_registered_country varchar(2) references t_country(country_code);

alter table t_game
	add column console_console_id varchar references t_console(pk_console_id) not null,
	add constraint pk_game_id primary key(name, console_console_id);

alter table t_company
	add column country_country_id varchar references t_country(country_code) not null;
	
alter table t_console
	add column company_manufacturer varchar references t_company(pk_company_name) not null;
	
insert into t_country values
	('ad','Andorra'),
	('af','Afghanistan'),
	('ag','Antigua and Barbuda'),
	('ai','Anguilla'),
	('al','Albania'),
	('am','Armenia'),
	('ao','Angola'),
	('aq','Antarctica'),
	('ar','Argentina'),
	('as','American Samoa'),
	('au','Australia'),
	('aw','Aruba'),
	('ax','Aland Islands'),
	('az','Azerbaijan'),
	('at','Austria'),
	('dz','Algeria'),
	('bs','Bahamas'),
	('bh','Bahrain'),
	('bd','Bangladesh'),
	('bb','Barbados'),
	('by','Belarus'),
	('be','Belgium'),
	('bz','Belize'),
	('bj','Benin'),
	('bm','Bermuda'),
	('bt','Bhutan'),
	('bo','Plurinational State of Bolivia'),
	('bq','Sint Eustatius and Saba Bonaire'),
	('ba','Bosnia and Herzegowina'),
	('bw','Botswana'),
	('bv','Bouvet Island'),
	('br','Brazil'),
	('io','British Indian Ocean Territory'),
	('bn','Brunei Darussalam'),
	('bg','Bulgaria'),
	('bf','Burkina Faso'),
	('bi','Burundi'),
	('kh','Cambodia'),
	('cm','Cameroon'),
	('ca','Canada'),
	('cv','Cape Verde'),
	('ky','Cayman Islands'),
	('cf','Central African Republic'),
	('td','Chad'),
	('cl','Chile'),
	('cn','China'),
	('cx','Christmas Island'),
	('cc','Cocos Islands'),
	('co','Colombia'),
	('km','Comoros'),
	('cg','Congo'),
	('cd','The Democratic Republic of The Congo'),
	('ck','Cook Islands'),
	('cr','Costa Rica'),
	('ci','Côte d''Ivoire'),
	('hr','Croatia'),
	('cu','Cuba'),
	('cw','Curaçao'),
	('cy','Cyprus'),
	('cz','Czech Republic'),
	('dk','Denmark'),
	('dj','Djibouti'),
	('dm','Dominica'),
	('do','Dominican Republic'),
	('ec','Ecuador'),
	('eg','Egypt'),
	('sv','El Salvador'),
	('gq','Equatorial Guinea'),
	('er','Eritrea'),
	('ee','Estonia'),
	('et','Ethiopia'),
	('fk','Falkland Islands'), 
	('fo','Faroe Islands'),
	('fj','Fiji'),
	('fi','Finland'),
	('fr','France'),
	('gf','French Guiana'),
	('pf','French Polynesia'),
	('tf','French Southern Territories'),
	('ga','Gabon'),
	('gm','Gambia'),
	('ge','Georgia'),
	('de','Germany'),
	('gh','Ghana'),
	('gi','Gibraltar'),
	('gr','Greece'),
	('gl','Greenland'),
	('gd','Grenada'),
	('gp','Guadeloupe'),
	('gu','Guam'),
	('gt','Guatemala'),
	('gg','Guernsey'),
	('gn','Guinea'),
	('gw','Guinea-bissau'),
	('gy','Guyana'),
	('ht','Haiti'),
	('hm','Heard and McDonald Islands'),
	('va','Holy See'),
	('hn','Honduras'),
	('hk','Hong Kong'),
	('hu','Hungary'),
	('is','Iceland'),
	('in','India'),
	('id','Indonesia'),
	('ir','Iran'),
	('iq','Iraq'),
	('ie','Ireland'),
	('im','Isle of Man'),
	('il','Israel'),
	('it','Italy'),
	('jm','Jamaica'),
	('jp','Japan'),
	('je','Jersey'),
	('jo','Jordan'),
	('kz','Kazakhstan'),
	('ke','Kenya'),
	('ki','Kiribati'),
	('kp','Democratic People''s Republic of Korea'),
	('kr','Republic of Korea'),
	('kw','Kuwait'),
	('kg','Kyrgyzstan'),
	('la','Lao People''s Democratic Republic'),
	('lv','Latvia'),
	('lb','Lebanon'),
	('ls','Lesotho'),
	('lr','Liberia'),
	('ly','Libya'),
	('li','Liechtenstein'),
	('lt','Lithuania'),
	('lu','Luxembourg'),
	('mo','Macao'),
	('mk','The Former Yugoslav Republic of Macedonia'),
	('mg','Madagascar'),
	('mw','Malawi'),
	('my','Malaysia'),
	('mv','Maldives'),
	('ml','Mali'),
	('mt','Malta'),
	('mh','Marshall Islands'),
	('mq','Martinique'),
	('mr','Mauritania'),
	('mu','Mauritius'),
	('yt','Mayotte'),
	('mx','Mexico'),
	('fm','Federated States of Micronesia'),
	('md','Republic of Moldova'),
	('mc','Monaco'),
	('mn','Mongolia'),
	('me','Montenegro'),
	('ms','Montserrat'),
	('ma','Morocco'),
	('mz','Mozambique'),
	('mm','Myanmar'),
	('na','Namibia'),
	('nr','Nauru'),
	('np','Nepal'),
	('nl','Netherlands'),
	('nc','New Caledonia'),
	('nz','New Zealand'),
	('ni','Nicaragua'),
	('ne','Niger'),
	('ng','Nigeria'),
	('nu','Niue'),
	('nf','Norfolk Island'),
	('mp','Northern Mariana Islands'),
	('no','Norway'),
	('om','Oman'),
	('pk','Pakistan'),
	('pw','Palau'),
	('ps','State of Palestine'),
	('pa','Panama'),
	('pg','Papua New Guinea'),
	('py','Paraguay'),
	('pe','Peru'),
	('ph','Philippines'),
	('pn','Pitcairn'),
	('pl','Poland'),
	('pt','Portugal'),
	('pr','Puerto Rico'),
	('qa','Qatar'),
	('re','Réunion'),
	('ro','Romania'),
	('ru','Russian Federation'),
	('rw','Rwanda'),
	('sh','Ascension and Tristan Da Cunha Saint Helena'),
	('bl','Saint Barthélemy'),
	('kn','Saint Kitts and Nevis'),
	('lc','Saint Lucia'),
	('pm','Saint Pierre and Miquelon'),
	('vc','Saint Vincent and The Grenadines'),
	('ws','Samoa'),
	('sm','San Marino'),
	('st','Sao Tome and Principe'),
	('sa','Saudi Arabia'),
	('sn','Senegal'),
	('rs','Serbia'),
	('sc','Seychelles'),
	('sl','Sierra Leone'),
	('sg','Singapore'),
	('sx','Sint Maarten'), 
	('sk','Slovakia'),
	('si','Slovenia'),
	('sb','Solomon Islands'),
	('so','Somalia'),
	('za','South Africa'),
	('gs','South Georgia and The South Sandwich Islands'),
	('ss','South Sudan'),
	('es','Spain'),
	('lk','Sri Lanka'),
	('sd','Sudan'),
	('sr','Suriname'),
	('sj','Svalbard and Jan Mayen Islands'),
	('sz','Swaziland'),
	('se','Sweden'),
	('ch','Switzerland'),
	('sy','Syrian Arab Republic'),
	('tw','Province of China Taiwan'),
	('tj','Tajikistan'),
	('tz','United Republic of Tanzania'),
	('th','Thailand'),
	('tl','Timor-leste'),
	('tg','Togo'),
	('tk','Tokelau'),
	('to','Tonga'),
	('tt','Trinidad and Tobago'),
	('tn','Tunisia'),
	('tr','Turkey'),
	('tm','Turkmenistan'),
	('tc','Turks and Caicos Islands'),
	('tv','Tuvalu'),
	('ug','Uganda'),
	('ua','Ukraine'),
	('ae','United Arab Emirates'),
	('gb','United Kingdom'),
	('us','United States'),
	('um','United States Minor Outlying Islands'),
	('uy','Uruguay'),
	('uz','Uzbekistan'),
	('vu','Vanuatu'),
	('ve','Bolivarian Republic of Venezuela'),
	('vn','Vietnam'),
	('vg','Virgin Islands (British)'),
	('vi','Virgin Islands (US)'),
	('wf','Wallis and Futuna Islands'),
	('eh','Western Sahara'),
	('ye','Yemen'),
	('zm','Zambia'),
	('zw','Zimbabwe');
	
insert into t_company(pk_company_name, country_country_id) values
	('Nintendo', 'jp'),
	('Sega', 'jp'),
	('Microsoft','us'),
	('Sony', 'jp');

insert into t_user(pk_username, email_address, display_name, first_name, last_name, country_registered_country) values
	('cerwym', 'cerwym@googlemail.com', 'Cerwym', 'Peter', 'Lockett', 'gb');
	
insert into t_console(pk_console_id, name, release_date, company_manufacturer) values
	('NES', 'Nintendo Entertainment System', '1983-07-15', 'Nintendo'),
	('SNES', 'Super Nintendo Entertainment System', '1990-11-25', 'Nintendo'),
	('N64', 'Nintendo 64', '1996-06-23', 'Nintendo'),
	('GCN', 'Gamecube', '2001-09-14', 'Nintendo'),
	('SMS', 'Master System', '1985-10-20', 'Sega'),
	('MGD', 'Mega Drive', '1988-10-29', 'Sega'),
	('STRN', 'Sega Saturn', '1994-11-22', 'Sega'),
	('DC', 'Dreamcast', '1998-11-27', 'Sega'),
	('XBX', 'Xbox', '2001-11-15', 'Microsoft'),
	('PS1', 'Playstation 1', '1994-12-03', 'Sony'),
	('PS2', 'Playstation 2', '2000-03-04', 'Sony'),
	('GBA', 'Gameboy Advance', '2001-03-21', 'Nintendo');
	
insert into t_game(name, console_console_id) values
	('Super Mario Brothers 3', 'NES'),
	('Metroid', 'NES'),
	('The Legend of Zelda', 'NES'),
	('The Legend of Zelda : A Link to the Past', 'SNES'),
	('The Legend of Zelda : A Link to the Past', 'GBA'),
	('Earthbound', 'SNES'),
	('Super Mario World', 'SNES'),
	('Super Mario 64', 'N64'),
	('Super Smash Brothers', 'N64'),
	('Conker''s Bad Fur Day', 'N64'),
	('Super Mario Sunshine', 'GCN'),
	('Eternal Darkness', 'GCN'),
	('Metal Gear Solid', 'PS1'),
	('Streets of Rage 3', 'MGD'),
	('Sonic Labyrinth', 'SMS'),
	('Exhumed', 'STRN'),
	('Sonic Adventure', 'DC'),
	('Shadow of the Collosus', 'PS2')
	